﻿{
    "Title": "datePicker",
    "Description": "이 사용자 정의 가능한 캘린더 위젯으로 FileMaker Pro에서 날짜 또는 날짜 범위를 쉽게 선택하세요 jonni@me.com",
    "Category": "JavaScript",
    "Features": [
        "단일 날짜 및 범위 선택 모드",
        "FileMaker에서 색상, 글꼴 및 배율을 완전히 사용자 정의 가능",
        "기본 날짜를 미리 선택하고 범위를 즉시 강조 표시",
        "JavaScript를 통해 FileMaker 스크립트와 원활하게 통합",
        "FileMaker Pro 및 WebDirect에서 작동",
        "FileMaker 솔루션에서 날짜 필터링, 일정 관리 및 데이터 입력에 적합합니다"
    ],
    "Optimized": [
        "데스크탑", "태블릿", "모바일", "WebDirect"
    ]
}